{
    "epochs": [
        {
            "epoch": 1,
            "loss": 1.0951329029124717,
            "accuracy": 75.16573176950536
        },
        {
            "epoch": 2,
            "loss": 0.8259880750075631,
            "accuracy": 87.04742478327384
        }
    ]
}